<?xml version="1.0" encoding="UTF-8"?>
<project-private xmlns="http://www.netbeans.org/ns/project-private/1">
    <editor-bookmarks xmlns="http://www.netbeans.org/ns/editor-bookmarks/2" lastBookmarkId="0"/>
    <open-files xmlns="http://www.netbeans.org/ns/projectui-open-files/2">
        <group>
            <file>file:/C:/Users/laboratorio_computo/Downloads/Pry_Unidad_I%20(4)/Pry_Unidad_I/Pry_Unidad_I/src/Funciones/clsFunciones.java</file>
            <file>file:/C:/Users/laboratorio_computo/Downloads/Pry_Unidad_I%20(4)/Pry_Unidad_I/Pry_Unidad_I/src/capaNegocio/usuario.java</file>
            <file>file:/C:/Users/laboratorio_computo/Downloads/Pry_Unidad_I%20(4)/Pry_Unidad_I/Pry_Unidad_I/src/capaPresentacion/frmMenuPrincipal.java</file>
            <file>file:/C:/Users/laboratorio_computo/Downloads/Pry_Unidad_I%20(4)/Pry_Unidad_I/Pry_Unidad_I/src/capaPresentacion/jdInicioSesion.java</file>
        </group>
    </open-files>
</project-private>
